id,source_type,alteration,image_width,image_height
0001,Gemini,nojitter,1600,900
0002,Gemini,texture,1600,900
0003,Gemini,texture,1600,900
0004,gdcdataset,nojitter,1600,1200
0005,Google,nojitter,1600,900
0006,Google,texture,1600,900
0007,gdcdataset,texture,1600,1200
0008,Google,layout,1600,900
0009,Gemini,layout,1600,900
0010,Google,nojitter,1600,900
0011,gdcdataset,alignment,960,720
0012,Gemini,alignment,1600,900
0013,Google,layout,1600,900
0014,Gemini,layout,1600,900
0015,Google,texture,1600,900
0016,Google,texture,1600,900
0017,gdcdataset,layout,960,720
0018,Gemini,texture,1600,900
0019,gdcdataset,texture,1600,1200
0020,gdcdataset,layout,960,720
0021,gdcdataset,texture,1600,1200
0022,Gemini,layout,1600,900
0023,Google,nojitter,1600,900
0024,gdcdataset,alignment,960,720
0025,Google,alignment,1600,900
0026,Google,texture,1600,900
0027,Google,alignment,1600,900
0028,Gemini,alignment,1600,900
0029,Google,layout,1600,900
0030,Gemini,texture,1600,900
0031,Gemini,texture,1600,900
0032,Google,texture,1600,900
0033,Gemini,nojitter,1600,900
0034,gdcdataset,nojitter,1600,1200
0035,Gemini,texture,1600,900
0036,Gemini,nojitter,1600,900
0037,Gemini,nojitter,1600,900
0038,Google,nojitter,1600,900
0039,Google,layout,1600,900
0040,gdcdataset,nojitter,1600,1200
0041,Google,alignment,1600,900
0042,Gemini,nojitter,1600,900
0043,gdcdataset,layout,960,720
0044,gdcdataset,alignment,960,720
0045,gdcdataset,texture,1600,1200
0046,Gemini,nojitter,1600,900
0047,Gemini,nojitter,1600,900
0048,Google,layout,1600,900
0049,Gemini,alignment,1600,900
0050,Gemini,layout,1600,900
0051,Gemini,texture,1600,900
0052,Google,nojitter,1600,900
0053,gdcdataset,nojitter,1600,1200
0054,Google,texture,1600,900
0055,Google,alignment,1600,900
0056,Google,alignment,1600,900
0057,Gemini,alignment,1600,900
0058,Gemini,alignment,1600,900
0059,gdcdataset,nojitter,1600,1200
0060,gdcdataset,nojitter,1600,1200
0061,gdcdataset,nojitter,1600,1200
0062,Gemini,nojitter,1600,900
0063,Google,texture,1600,900
0064,gdcdataset,layout,960,720
0065,Google,alignment,1600,900
0066,gdcdataset,layout,960,720
0067,Gemini,layout,1600,900
0068,Gemini,texture,1600,900
0069,Gemini,texture,1600,900
0070,Gemini,alignment,1600,900
0071,Google,texture,1600,900
0072,gdcdataset,layout,960,720
0073,Gemini,texture,1600,900
0074,gdcdataset,nojitter,1600,1200
0075,Gemini,layout,1600,900
0076,Google,alignment,1600,900
0077,Gemini,nojitter,1600,900
0078,Google,nojitter,1600,900
0079,gdcdataset,layout,960,720
0080,Gemini,texture,1600,900
0081,Gemini,layout,1600,900
0082,Google,nojitter,1600,900
0083,gdcdataset,nojitter,1600,1200
0084,Gemini,alignment,1600,900
0085,Google,nojitter,1600,900
0086,Google,nojitter,1600,900
0087,gdcdataset,layout,960,720
0088,gdcdataset,layout,960,720
0089,gdcdataset,nojitter,1600,1200
0090,Gemini,alignment,1600,900
0091,Gemini,texture,1600,900
0092,gdcdataset,layout,960,720
0093,gdcdataset,nojitter,1600,1200
0094,Gemini,layout,1600,900
0095,Gemini,texture,1600,900
0096,gdcdataset,layout,960,720
0097,Google,nojitter,1600,900
0098,Google,layout,1600,900
0099,Gemini,layout,1600,900
0100,Google,texture,1600,900
0101,Gemini,layout,1600,900
0102,gdcdataset,texture,1600,1200
0103,gdcdataset,alignment,960,720
0104,gdcdataset,nojitter,1600,1200
0105,gdcdataset,texture,1600,1200
0106,Gemini,texture,1600,900
0107,gdcdataset,texture,1600,1200
0108,Google,nojitter,1600,900
0109,Google,alignment,1600,900
0110,Gemini,nojitter,1600,900
0111,gdcdataset,alignment,960,720
0112,Google,layout,1600,900
0113,gdcdataset,alignment,960,720
0114,Gemini,texture,1600,900
0115,Google,nojitter,1600,900
0116,Gemini,texture,1600,900
0117,Gemini,layout,1600,900
0118,Google,layout,1600,900
0119,gdcdataset,layout,960,720
0120,Gemini,nojitter,1600,900
0121,gdcdataset,nojitter,1600,1200
0122,Gemini,alignment,1600,900
0123,Gemini,alignment,1600,900
0124,gdcdataset,layout,960,720
0125,Gemini,alignment,1600,900
0126,Google,nojitter,1600,900
0127,Gemini,layout,1600,900
0128,Google,texture,1600,900
0129,Google,layout,1600,900
0130,Google,alignment,1600,900
0131,gdcdataset,layout,960,720
0132,gdcdataset,nojitter,1600,1200
0133,Google,texture,1600,900
0134,Gemini,texture,1600,900
0135,Gemini,texture,1600,900
0136,Gemini,texture,1600,900
0137,Gemini,texture,1600,900
0138,Gemini,nojitter,1600,900
0139,Gemini,alignment,1600,900
0140,Gemini,alignment,1600,900
0141,Gemini,texture,1600,900
0142,Google,nojitter,1600,900
0143,gdcdataset,layout,960,720
0144,Gemini,layout,1600,900
0145,Gemini,texture,1600,900
0146,gdcdataset,texture,1600,1200
0147,gdcdataset,texture,1600,1200
0148,gdcdataset,texture,1600,1200
0149,gdcdataset,layout,960,720
0150,Gemini,layout,1600,900
0151,Gemini,layout,1600,900
0152,gdcdataset,texture,1600,1200
0153,Google,layout,1600,900
0154,gdcdataset,layout,960,720
0155,Gemini,layout,1600,900
0156,Gemini,texture,1600,900
0157,gdcdataset,layout,960,720
0158,gdcdataset,layout,960,720
0159,gdcdataset,nojitter,1600,1200
0160,gdcdataset,texture,1600,1200
0161,gdcdataset,layout,960,720
0162,gdcdataset,alignment,960,720
0163,gdcdataset,texture,1600,1200
0164,Google,alignment,1600,900
0165,gdcdataset,texture,1600,1200
0166,gdcdataset,nojitter,1600,1200
0167,Google,layout,1600,900
0168,gdcdataset,alignment,960,720
0169,Google,alignment,1600,900
0170,Google,layout,1600,900
0171,Gemini,layout,1600,900
0172,gdcdataset,layout,960,720
0173,Gemini,layout,1600,900
0174,gdcdataset,layout,960,720
0175,gdcdataset,nojitter,1600,1200
0176,gdcdataset,texture,1600,1200
0177,Google,layout,1600,900
0178,gdcdataset,texture,1600,1200
0179,Gemini,nojitter,1600,900
0180,Google,texture,1600,900
0181,Gemini,alignment,1600,900
0182,Gemini,nojitter,1600,900
0183,Gemini,nojitter,1600,900
0184,Gemini,layout,1600,900
0185,Gemini,layout,1600,900
0186,Google,alignment,1600,900
0187,gdcdataset,nojitter,1600,1200
0188,Gemini,nojitter,1600,900
0189,Google,nojitter,1600,900
0190,Google,nojitter,1600,900
0191,Gemini,alignment,1600,900
0192,Google,nojitter,1600,900
0193,Gemini,nojitter,1600,900
0194,Gemini,nojitter,1600,900
0195,gdcdataset,alignment,960,720
0196,gdcdataset,alignment,960,720
0197,Gemini,nojitter,1600,900
0198,gdcdataset,texture,1600,1200
0199,Gemini,layout,1600,900
0200,Gemini,layout,1600,900
0201,Google,nojitter,1600,900
0202,Google,alignment,1600,900
0203,Gemini,layout,1600,900
0204,Gemini,texture,1600,900
0205,Gemini,nojitter,1600,900
0206,Google,texture,1600,900
0207,gdcdataset,texture,1600,1200
0208,gdcdataset,layout,960,720
0209,Gemini,nojitter,1600,900
0210,Google,alignment,1600,900
0211,Google,texture,1600,900
0212,Gemini,nojitter,1600,900
0213,gdcdataset,texture,1600,1200
0214,Gemini,texture,1600,900
0215,gdcdataset,alignment,960,720
0216,Google,texture,1600,900
0217,Gemini,nojitter,1600,900
0218,Gemini,nojitter,1600,900
0219,Google,nojitter,1600,900
0220,Google,layout,1600,900
0221,gdcdataset,nojitter,1600,1200
0222,Google,alignment,1600,900
0223,Google,alignment,1600,900
0224,Gemini,texture,1600,900
0225,Gemini,alignment,1600,900
0226,Google,alignment,1600,900
0227,Google,nojitter,1600,900
0228,gdcdataset,alignment,960,720
0229,Gemini,texture,1600,900
0230,Google,layout,1600,900
0231,Google,layout,1600,900
0232,Google,nojitter,1600,900
0233,gdcdataset,nojitter,1600,1200
0234,Gemini,nojitter,1600,900
0235,Gemini,nojitter,1600,900
0236,Gemini,alignment,1600,900
0237,Gemini,layout,1600,900
0238,Gemini,texture,1600,900
0239,Gemini,alignment,1600,900
0240,gdcdataset,alignment,960,720
0241,gdcdataset,layout,960,720
0242,Gemini,nojitter,1600,900
0243,Google,layout,1600,900
0244,gdcdataset,texture,1600,1200
0245,Google,alignment,1600,900
0246,Gemini,alignment,1600,900
0247,Google,layout,1600,900
0248,Google,texture,1600,900
0249,gdcdataset,alignment,960,720
0250,Google,nojitter,1600,900
0251,Google,nojitter,1600,900
0252,Gemini,layout,1600,900
0253,Google,nojitter,1600,900
0254,gdcdataset,alignment,960,720
0255,gdcdataset,texture,1600,1200
0256,Gemini,alignment,1600,900
0257,gdcdataset,texture,1600,1200
0258,Google,layout,1600,900
0259,Gemini,texture,1600,900
0260,gdcdataset,layout,960,720
0261,Google,layout,1600,900
0262,Google,layout,1600,900
0263,Gemini,nojitter,1600,900
0264,gdcdataset,nojitter,1600,1200
0265,Google,nojitter,1600,900
0266,Google,nojitter,1600,900
0267,Gemini,alignment,1600,900
0268,Google,layout,1600,900
0269,Google,nojitter,1600,900
0270,Google,alignment,1600,900
0271,gdcdataset,texture,1600,1200
0272,Google,alignment,1600,900
0273,gdcdataset,texture,1600,1200
0274,Gemini,texture,1600,900
0275,Gemini,alignment,1600,900
0276,Gemini,nojitter,1600,900
0277,Gemini,layout,1600,900
0278,Google,texture,1600,900
0279,Gemini,alignment,1600,900
0280,Google,nojitter,1600,900
0281,Google,nojitter,1600,900
0282,gdcdataset,texture,1600,1200
0283,Google,layout,1600,900
0284,Gemini,alignment,1600,900
0285,Gemini,texture,1600,900
0286,gdcdataset,texture,1600,1200
0287,gdcdataset,layout,960,720
0288,gdcdataset,alignment,960,720
0289,gdcdataset,layout,960,720
0290,gdcdataset,texture,1600,1200
0291,gdcdataset,texture,1600,1200
0292,gdcdataset,alignment,960,720
0293,Google,texture,1600,900
0294,Gemini,texture,1600,900
0295,Google,alignment,1600,900
0296,gdcdataset,texture,1600,1200
0297,Google,nojitter,1600,900
0298,Gemini,layout,1600,900
0299,Gemini,texture,1600,900
0300,gdcdataset,alignment,960,720
0301,Google,texture,1600,900
0302,gdcdataset,texture,1600,1200
0303,gdcdataset,alignment,960,720
0304,gdcdataset,nojitter,1600,1200
0305,gdcdataset,layout,960,720
0306,gdcdataset,layout,960,720
0307,Google,layout,1600,900
0308,gdcdataset,alignment,960,720
0309,gdcdataset,layout,960,720
0310,Gemini,alignment,1600,900
0311,gdcdataset,nojitter,1600,1200
0312,Gemini,layout,1600,900
0313,Gemini,nojitter,1600,900
0314,Google,layout,1600,900
0315,gdcdataset,nojitter,1600,1200
0316,gdcdataset,nojitter,1600,1200
0317,gdcdataset,nojitter,1600,1200
0318,Gemini,layout,1600,900
0319,gdcdataset,texture,1600,1200
0320,Google,layout,1600,900
0321,gdcdataset,layout,960,720
0322,Google,texture,1600,900
0323,Google,layout,1600,900
0324,gdcdataset,texture,1600,1200
0325,gdcdataset,texture,1600,1200
0326,Gemini,layout,1600,900
0327,Google,nojitter,1600,900
0328,gdcdataset,texture,1600,1200
0329,Google,texture,1600,900
0330,gdcdataset,layout,960,720
0331,gdcdataset,layout,960,720
0332,gdcdataset,alignment,960,720
0333,gdcdataset,alignment,960,720
0334,Gemini,nojitter,1600,900
0335,gdcdataset,alignment,960,720
0336,Gemini,texture,1600,900
0337,Gemini,nojitter,1600,900
0338,Gemini,texture,1600,900
0339,Gemini,nojitter,1600,900
0340,Google,alignment,1600,900
0341,Google,layout,1600,900
0342,Google,alignment,1600,900
0343,Google,texture,1600,900
0344,Gemini,alignment,1600,900
0345,Gemini,texture,1600,900
0346,Google,texture,1600,900
0347,Gemini,layout,1600,900
0348,gdcdataset,alignment,960,720
0349,Gemini,nojitter,1600,900
0350,Gemini,layout,1600,900
0351,gdcdataset,alignment,960,720
0352,Google,alignment,1600,900
0353,Google,texture,1600,900
0354,Gemini,nojitter,1600,900
0355,Gemini,layout,1600,900
0356,gdcdataset,texture,1600,1200
0357,Gemini,texture,1600,900
0358,Gemini,nojitter,1600,900
0359,Gemini,alignment,1600,900
0360,gdcdataset,alignment,960,720
0361,gdcdataset,alignment,960,720
0362,gdcdataset,texture,1600,1200
0363,Gemini,alignment,1600,900
0364,Google,alignment,1600,900
0365,Gemini,layout,1600,900
0366,gdcdataset,layout,960,720
0367,Gemini,layout,1600,900
0368,Gemini,texture,1600,900
0369,Google,layout,1600,900
0370,gdcdataset,texture,1600,1200
0371,Google,layout,1600,900
0372,gdcdataset,texture,1600,1200
0373,gdcdataset,alignment,960,720
0374,Gemini,layout,1600,900
0375,Google,texture,1600,900
0376,gdcdataset,nojitter,1600,1200
0377,gdcdataset,layout,960,720
0378,gdcdataset,alignment,960,720
0379,gdcdataset,nojitter,1600,1200
0380,Gemini,texture,1600,900
0381,Gemini,alignment,1600,900
0382,gdcdataset,texture,1600,1200
0383,gdcdataset,texture,1600,1200
0384,gdcdataset,nojitter,1600,1200
0385,gdcdataset,texture,1600,1200
0386,Google,alignment,1600,900
0387,gdcdataset,alignment,960,720
0388,Google,nojitter,1600,900
0389,gdcdataset,texture,1600,1200
0390,Gemini,texture,1600,900
0391,gdcdataset,layout,960,720
0392,Gemini,nojitter,1600,900
0393,Google,nojitter,1600,900
0394,gdcdataset,nojitter,1600,1200
0395,Gemini,nojitter,1600,900
0396,Google,texture,1600,900
0397,gdcdataset,alignment,960,720
0398,Google,nojitter,1600,900
0399,Gemini,texture,1600,900
0400,Google,nojitter,1600,900
0401,gdcdataset,texture,1600,1200
0402,gdcdataset,nojitter,1600,1200
0403,gdcdataset,layout,960,720
0404,Google,layout,1600,900
0405,Gemini,layout,1600,900
0406,Google,layout,1600,900
0407,Gemini,texture,1600,900
0408,Google,layout,1600,900
0409,Google,layout,1600,900
0410,Google,layout,1600,900
0411,gdcdataset,alignment,960,720
0412,gdcdataset,nojitter,1600,1200
0413,Gemini,layout,1600,900
0414,Gemini,texture,1600,900
0415,gdcdataset,alignment,960,720
0416,gdcdataset,texture,1600,1200
0417,gdcdataset,nojitter,1600,1200
0418,gdcdataset,alignment,960,720
0419,Google,layout,1600,900
0420,Google,texture,1600,900
0421,gdcdataset,nojitter,1600,1200
0422,Gemini,nojitter,1600,900
0423,Gemini,alignment,1600,900
0424,gdcdataset,nojitter,1600,1200
0425,Google,nojitter,1600,900
0426,gdcdataset,texture,1600,1200
0427,Google,texture,1600,900
0428,Gemini,layout,1600,900
0429,Google,nojitter,1600,900
0430,Gemini,alignment,1600,900
0431,Google,alignment,1600,900
0432,Gemini,alignment,1600,900
0433,Google,texture,1600,900
0434,Google,nojitter,1600,900
0435,gdcdataset,layout,960,720
0436,gdcdataset,alignment,960,720
0437,Google,texture,1600,900
0438,Gemini,nojitter,1600,900
0439,Google,layout,1600,900
0440,gdcdataset,nojitter,1600,1200
0441,Gemini,layout,1600,900
0442,Google,nojitter,1600,900
0443,Gemini,layout,1600,900
0444,Google,layout,1600,900
0445,gdcdataset,nojitter,1600,1200
0446,gdcdataset,layout,960,720
0447,gdcdataset,texture,1600,1200
0448,gdcdataset,nojitter,1600,1200
0449,gdcdataset,layout,960,720
0450,Google,alignment,1600,900
0451,Google,texture,1600,900
0452,gdcdataset,alignment,960,720
0453,Google,alignment,1600,900
0454,gdcdataset,alignment,960,720
0455,Google,nojitter,1600,900
0456,Gemini,layout,1600,900
0457,Google,texture,1600,900
0458,gdcdataset,nojitter,1600,1200
0459,gdcdataset,nojitter,1600,1200
0460,Gemini,texture,1600,900
0461,Gemini,texture,1600,900
0462,gdcdataset,nojitter,1600,1200
0463,Gemini,nojitter,1600,900
0464,gdcdataset,nojitter,1600,1200
0465,gdcdataset,texture,1600,1200
0466,Gemini,nojitter,1600,900
0467,Google,layout,1600,900
0468,gdcdataset,texture,1600,1200
0469,Google,texture,1600,900
0470,gdcdataset,layout,960,720
0471,Google,texture,1600,900
0472,gdcdataset,texture,1600,1200
0473,Gemini,texture,1600,900
0474,Google,nojitter,1600,900
0475,Gemini,layout,1600,900
0476,Google,texture,1600,900
0477,Google,alignment,1600,900
0478,Google,alignment,1600,900
0479,gdcdataset,layout,960,720
0480,gdcdataset,texture,1600,1200
0481,Google,alignment,1600,900
0482,gdcdataset,alignment,960,720
0483,gdcdataset,texture,1600,1200
0484,gdcdataset,layout,960,720
0485,gdcdataset,alignment,960,720
0486,gdcdataset,nojitter,1600,1200
0487,Google,layout,1600,900
0488,gdcdataset,nojitter,1600,1200
0489,gdcdataset,layout,960,720
0490,gdcdataset,texture,1600,1200
0491,Google,nojitter,1600,900
0492,Google,alignment,1600,900
0493,gdcdataset,layout,960,720
0494,gdcdataset,nojitter,1600,1200
0495,Google,alignment,1600,900
0496,gdcdataset,alignment,960,720
0497,gdcdataset,alignment,960,720
0498,gdcdataset,texture,1600,1200
0499,Gemini,alignment,1600,900
0500,Gemini,nojitter,1600,900
0501,Gemini,nojitter,1600,900
0502,gdcdataset,nojitter,1600,1200
0503,gdcdataset,nojitter,1600,1200
0504,Google,alignment,1600,900
0505,gdcdataset,texture,1600,1200
0506,gdcdataset,texture,1600,1200
0507,Google,alignment,1600,900
0508,Gemini,alignment,1600,900
0509,Gemini,alignment,1600,900
0510,Gemini,nojitter,1600,900
0511,Google,layout,1600,900
0512,Google,alignment,1600,900
0513,Gemini,texture,1600,900
0514,gdcdataset,texture,1600,1200
0515,gdcdataset,layout,960,720
0516,gdcdataset,layout,960,720
0517,Google,texture,1600,900
0518,gdcdataset,layout,960,720
0519,Gemini,layout,1600,900
0520,Google,layout,1600,900
0521,gdcdataset,texture,1600,1200
0522,Gemini,nojitter,1600,900
0523,Google,texture,1600,900
0524,Google,nojitter,1600,900
0525,Gemini,nojitter,1600,900
0526,Gemini,nojitter,1600,900
0527,gdcdataset,layout,960,720
0528,gdcdataset,alignment,960,720
0529,Google,texture,1600,900
0530,Gemini,nojitter,1600,900
0531,Google,alignment,1600,900
0532,Google,alignment,1600,900
0533,gdcdataset,texture,1600,1200
0534,Gemini,layout,1600,900
0535,Google,layout,1600,900
0536,Google,layout,1600,900
0537,Google,layout,1600,900
0538,gdcdataset,nojitter,1600,1200
0539,Gemini,alignment,1600,900
0540,Google,nojitter,1600,900
0541,gdcdataset,alignment,960,720
0542,Google,alignment,1600,900
0543,Google,texture,1600,900
0544,gdcdataset,alignment,960,720
0545,Gemini,layout,1600,900
0546,Gemini,texture,1600,900
0547,Google,alignment,1600,900
0548,Gemini,alignment,1600,900
0549,gdcdataset,nojitter,1600,1200
0550,Gemini,layout,1600,900
0551,Google,alignment,1600,900
0552,Google,nojitter,1600,900
0553,gdcdataset,alignment,960,720
0554,Google,nojitter,1600,900
0555,gdcdataset,nojitter,1600,1200
0556,Gemini,nojitter,1600,900
0557,gdcdataset,texture,1600,1200
0558,Google,alignment,1600,900
0559,Google,nojitter,1600,900
0560,Google,alignment,1600,900
0561,gdcdataset,texture,1600,1200
0562,Google,nojitter,1600,900
0563,gdcdataset,alignment,960,720
0564,Gemini,nojitter,1600,900
0565,Gemini,nojitter,1600,900
0566,gdcdataset,layout,960,720
0567,Gemini,nojitter,1600,900
0568,Google,texture,1600,900
0569,Gemini,layout,1600,900
0570,Gemini,texture,1600,900
0571,gdcdataset,layout,960,720
0572,gdcdataset,nojitter,1600,1200
0573,Google,nojitter,1600,900
0574,Gemini,layout,1600,900
0575,Gemini,alignment,1600,900
0576,Google,alignment,1600,900
0577,Gemini,layout,1600,900
0578,Google,texture,1600,900
0579,Google,texture,1600,900
0580,gdcdataset,nojitter,1600,1200
0581,Gemini,nojitter,1600,900
0582,Google,texture,1600,900
0583,gdcdataset,texture,1600,1200
0584,Google,texture,1600,900
0585,Gemini,alignment,1600,900
0586,Gemini,nojitter,1600,900
0587,Google,texture,1600,900
0588,Gemini,layout,1600,900
0589,Google,layout,1600,900
0590,gdcdataset,nojitter,1600,1200
0591,gdcdataset,nojitter,1600,1200
0592,gdcdataset,texture,1600,1200
0593,Google,alignment,1600,900
0594,gdcdataset,alignment,960,720
0595,Gemini,nojitter,1600,900
0596,Gemini,texture,1600,900
0597,Gemini,nojitter,1600,900
0598,Google,alignment,1600,900
0599,gdcdataset,nojitter,1600,1200
0600,Gemini,texture,1600,900
0601,Gemini,layout,1600,900
0602,Google,layout,1600,900
0603,Gemini,layout,1600,900
0604,Google,alignment,1600,900
0605,gdcdataset,alignment,960,720
0606,Gemini,nojitter,1600,900
0607,Google,texture,1600,900
0608,Google,texture,1600,900
0609,Gemini,layout,1600,900
0610,gdcdataset,nojitter,1600,1200
0611,Gemini,layout,1600,900
0612,Gemini,texture,1600,900
0613,Gemini,texture,1600,900
0614,gdcdataset,alignment,960,720
0615,Google,alignment,1600,900
0616,gdcdataset,texture,1600,1200
0617,Google,texture,1600,900
0618,Gemini,nojitter,1600,900
0619,Gemini,layout,1600,900
0620,gdcdataset,layout,960,720
0621,gdcdataset,texture,1600,1200
0622,gdcdataset,texture,1600,1200
0623,gdcdataset,texture,1600,1200
0624,gdcdataset,alignment,960,720
0625,Gemini,alignment,1600,900
0626,Google,layout,1600,900
0627,Gemini,texture,1600,900
0628,Gemini,layout,1600,900
0629,Google,texture,1600,900
0630,gdcdataset,alignment,960,720
0631,Google,alignment,1600,900
0632,Google,alignment,1600,900
0633,gdcdataset,alignment,960,720
0634,Google,layout,1600,900
0635,gdcdataset,layout,960,720
0636,Google,layout,1600,900
0637,gdcdataset,alignment,960,720
0638,Gemini,texture,1600,900
0639,gdcdataset,nojitter,1600,1200
0640,gdcdataset,layout,960,720
0641,gdcdataset,nojitter,1600,1200
0642,Gemini,layout,1600,900
0643,Gemini,nojitter,1600,900
0644,Google,nojitter,1600,900
0645,gdcdataset,texture,1600,1200
0646,gdcdataset,nojitter,1600,1200
0647,Google,texture,1600,900
0648,gdcdataset,texture,1600,1200
0649,gdcdataset,nojitter,1600,1200
0650,Gemini,texture,1600,900
0651,Gemini,alignment,1600,900
0652,gdcdataset,layout,960,720
0653,gdcdataset,layout,960,720
0654,Google,alignment,1600,900
0655,Gemini,alignment,1600,900
0656,Gemini,nojitter,1600,900
0657,gdcdataset,nojitter,1600,1200
0658,gdcdataset,nojitter,1600,1200
0659,Gemini,texture,1600,900
0660,gdcdataset,layout,960,720
0661,Gemini,alignment,1600,900
0662,Google,alignment,1600,900
0663,Gemini,texture,1600,900
0664,Google,layout,1600,900
0665,Google,alignment,1600,900
0666,gdcdataset,alignment,960,720
0667,gdcdataset,layout,960,720
0668,gdcdataset,alignment,960,720
0669,Google,alignment,1600,900
0670,gdcdataset,nojitter,1600,1200
0671,gdcdataset,layout,960,720
0672,gdcdataset,alignment,960,720
0673,gdcdataset,texture,1600,1200
0674,Gemini,texture,1600,900
0675,gdcdataset,nojitter,1600,1200
0676,Google,layout,1600,900
0677,gdcdataset,nojitter,1600,1200
0678,Google,layout,1600,900
0679,gdcdataset,nojitter,1600,1200
0680,Google,nojitter,1600,900
0681,Gemini,layout,1600,900
0682,gdcdataset,layout,960,720
0683,Gemini,layout,1600,900
0684,Gemini,layout,1600,900
0685,Gemini,alignment,1600,900
0686,Gemini,texture,1600,900
0687,Google,layout,1600,900
0688,Google,texture,1600,900
0689,Google,alignment,1600,900
0690,Google,alignment,1600,900
0691,Gemini,layout,1600,900
0692,Gemini,layout,1600,900
0693,gdcdataset,nojitter,1600,1200
0694,Gemini,nojitter,1600,900
0695,Gemini,layout,1600,900
0696,Google,nojitter,1600,900
0697,gdcdataset,alignment,960,720
0698,Gemini,alignment,1600,900
0699,Gemini,alignment,1600,900
0700,Gemini,texture,1600,900
0701,Gemini,texture,1600,900
0702,Google,texture,1600,900
0703,Google,texture,1600,900
0704,Google,alignment,1600,900
0705,Gemini,layout,1600,900
0706,Google,alignment,1600,900
0707,gdcdataset,texture,1600,1200
0708,Gemini,layout,1600,900
0709,Gemini,alignment,1600,900
0710,Google,alignment,1600,900
0711,Google,layout,1600,900
0712,Google,nojitter,1600,900
0713,gdcdataset,layout,960,720
0714,gdcdataset,texture,1600,1200
0715,Gemini,texture,1600,900
0716,Google,nojitter,1600,900
0717,gdcdataset,texture,1600,1200
0718,Gemini,layout,1600,900
0719,Gemini,layout,1600,900
0720,Google,alignment,1600,900
0721,Gemini,nojitter,1600,900
0722,gdcdataset,nojitter,1600,1200
0723,gdcdataset,alignment,960,720
0724,gdcdataset,layout,960,720
0725,Google,layout,1600,900
0726,Google,texture,1600,900
0727,Gemini,alignment,1600,900
0728,Gemini,texture,1600,900
0729,Google,alignment,1600,900
0730,gdcdataset,texture,1600,1200
0731,Gemini,layout,1600,900
0732,Gemini,alignment,1600,900
0733,Gemini,layout,1600,900
0734,Gemini,alignment,1600,900
0735,gdcdataset,nojitter,1600,1200
0736,gdcdataset,nojitter,1600,1200
0737,Google,layout,1600,900
0738,gdcdataset,nojitter,1600,1200
0739,Gemini,alignment,1600,900
0740,Gemini,layout,1600,900
0741,Google,texture,1600,900
0742,Google,layout,1600,900
0743,gdcdataset,layout,960,720
0744,Google,texture,1600,900
0745,Gemini,layout,1600,900
0746,Gemini,nojitter,1600,900
0747,Gemini,alignment,1600,900
0748,Google,layout,1600,900
0749,gdcdataset,alignment,960,720
0750,Gemini,nojitter,1600,900
0751,Google,nojitter,1600,900
0752,Gemini,nojitter,1600,900
0753,Google,texture,1600,900
0754,gdcdataset,alignment,960,720
0755,gdcdataset,layout,960,720
0756,gdcdataset,nojitter,1600,1200
0757,gdcdataset,nojitter,1600,1200
0758,Gemini,nojitter,1600,900
0759,Gemini,nojitter,1600,900
0760,Google,texture,1600,900
0761,Google,layout,1600,900
0762,Gemini,layout,1600,900
0763,Gemini,nojitter,1600,900
0764,Gemini,texture,1600,900
0765,Gemini,alignment,1600,900
0766,Google,nojitter,1600,900
0767,Google,nojitter,1600,900
0768,Gemini,alignment,1600,900
0769,Google,nojitter,1600,900
0770,gdcdataset,layout,960,720
0771,Gemini,nojitter,1600,900
0772,gdcdataset,alignment,960,720
0773,Gemini,layout,1600,900
0774,gdcdataset,alignment,960,720
0775,Gemini,alignment,1600,900
0776,Google,layout,1600,900
0777,Google,layout,1600,900
0778,Google,nojitter,1600,900
0779,Google,alignment,1600,900
0780,gdcdataset,layout,960,720
0781,Google,layout,1600,900
0782,Gemini,texture,1600,900
0783,gdcdataset,texture,1600,1200
0784,Google,alignment,1600,900
0785,Google,texture,1600,900
0786,Gemini,nojitter,1600,900
0787,Google,alignment,1600,900
0788,gdcdataset,alignment,960,720
0789,gdcdataset,layout,960,720
0790,Google,alignment,1600,900
0791,Google,nojitter,1600,900
0792,Gemini,texture,1600,900
0793,Gemini,alignment,1600,900
0794,Google,nojitter,1600,900
0795,Google,nojitter,1600,900
0796,Gemini,alignment,1600,900
0797,Google,nojitter,1600,900
0798,Gemini,layout,1600,900
0799,Google,texture,1600,900
0800,Google,nojitter,1600,900
0801,gdcdataset,texture,1600,1200
0802,gdcdataset,texture,1600,1200
0803,gdcdataset,layout,960,720
0804,Google,alignment,1600,900
0805,Google,texture,1600,900
0806,gdcdataset,nojitter,1600,1200
0807,gdcdataset,texture,1600,1200
0808,gdcdataset,texture,1600,1200
0809,Google,texture,1600,900
0810,gdcdataset,nojitter,1600,1200
0811,gdcdataset,texture,1600,1200
0812,Gemini,texture,1600,900
0813,gdcdataset,layout,960,720
0814,Google,texture,1600,900
0815,gdcdataset,layout,960,720
0816,Google,alignment,1600,900
0817,Gemini,nojitter,1600,900
0818,Google,layout,1600,900
0819,gdcdataset,nojitter,1600,1200
0820,Google,texture,1600,900
0821,Gemini,alignment,1600,900
0822,Gemini,layout,1600,900
0823,gdcdataset,alignment,960,720
0824,gdcdataset,layout,960,720
0825,Gemini,nojitter,1600,900
0826,Google,alignment,1600,900
0827,Gemini,texture,1600,900
0828,Google,nojitter,1600,900
0829,Google,nojitter,1600,900
0830,Google,alignment,1600,900
0831,gdcdataset,alignment,960,720
0832,gdcdataset,nojitter,1600,1200
0833,Google,nojitter,1600,900
0834,gdcdataset,alignment,960,720
0835,Gemini,texture,1600,900
0836,Gemini,nojitter,1600,900
0837,Google,layout,1600,900
0838,Gemini,nojitter,1600,900
0839,Gemini,layout,1600,900
0840,gdcdataset,texture,1600,1200
0841,Gemini,nojitter,1600,900
0842,gdcdataset,layout,960,720
0843,gdcdataset,layout,960,720
0844,Google,alignment,1600,900
0845,gdcdataset,layout,960,720
0846,Google,texture,1600,900
0847,Gemini,nojitter,1600,900
0848,Gemini,texture,1600,900
0849,gdcdataset,nojitter,1600,1200
0850,gdcdataset,nojitter,1600,1200
0851,gdcdataset,alignment,960,720
0852,gdcdataset,nojitter,1600,1200
0853,Gemini,alignment,1600,900
0854,Gemini,nojitter,1600,900
0855,Gemini,texture,1600,900
0856,Google,alignment,1600,900
0857,gdcdataset,alignment,960,720
0858,Gemini,nojitter,1600,900
0859,gdcdataset,texture,1600,1200
0860,Gemini,alignment,1600,900
0861,Google,layout,1600,900
0862,Gemini,layout,1600,900
0863,Google,texture,1600,900
0864,Gemini,alignment,1600,900
0865,Gemini,layout,1600,900
0866,gdcdataset,alignment,960,720
0867,Google,nojitter,1600,900
0868,Google,texture,1600,900
0869,gdcdataset,alignment,960,720
0870,Gemini,texture,1600,900
0871,Gemini,texture,1600,900
0872,Google,nojitter,1600,900
0873,Gemini,nojitter,1600,900
0874,Google,layout,1600,900
0875,Gemini,alignment,1600,900
0876,Gemini,layout,1600,900
0877,Gemini,texture,1600,900
0878,Gemini,texture,1600,900
0879,Gemini,alignment,1600,900
0880,Gemini,layout,1600,900
0881,Gemini,alignment,1600,900
0882,Gemini,texture,1600,900
0883,gdcdataset,texture,1600,1200
0884,Gemini,texture,1600,900
0885,Gemini,texture,1600,900
0886,gdcdataset,nojitter,1600,1200
0887,Google,alignment,1600,900
0888,Gemini,layout,1600,900
0889,gdcdataset,nojitter,1600,1200
0890,Gemini,nojitter,1600,900
0891,Gemini,alignment,1600,900
0892,Gemini,layout,1600,900
0893,gdcdataset,texture,1600,1200
0894,Gemini,layout,1600,900
0895,Gemini,layout,1600,900
0896,gdcdataset,alignment,960,720
0897,Gemini,texture,1600,900
0898,Gemini,nojitter,1600,900
0899,Google,alignment,1600,900
0900,gdcdataset,layout,960,720
0901,gdcdataset,layout,960,720
0902,gdcdataset,alignment,960,720
0903,Gemini,layout,1600,900
0904,Gemini,nojitter,1600,900
0905,gdcdataset,alignment,960,720
0906,Gemini,layout,1600,900
0907,Google,texture,1600,900
0908,Gemini,nojitter,1600,900
0909,gdcdataset,layout,960,720
0910,Gemini,texture,1600,900
0911,Gemini,alignment,1600,900
0912,Google,layout,1600,900
0913,Gemini,layout,1600,900
0914,Google,layout,1600,900
0915,Gemini,alignment,1600,900
0916,Google,texture,1600,900
0917,gdcdataset,layout,960,720
0918,gdcdataset,layout,960,720
0919,Google,texture,1600,900
0920,Google,nojitter,1600,900
0921,gdcdataset,texture,1600,1200
0922,Gemini,texture,1600,900
0923,Gemini,alignment,1600,900
0924,Google,layout,1600,900
0925,gdcdataset,alignment,960,720
0926,Google,texture,1600,900
0927,Google,alignment,1600,900
0928,gdcdataset,layout,960,720
0929,gdcdataset,layout,960,720
0930,Google,layout,1600,900
0931,gdcdataset,layout,960,720
0932,Gemini,texture,1600,900
0933,gdcdataset,layout,960,720
0934,gdcdataset,texture,1600,1200
0935,Gemini,alignment,1600,900
0936,gdcdataset,nojitter,1600,1200
0937,Gemini,texture,1600,900
0938,Google,layout,1600,900
0939,gdcdataset,nojitter,1600,1200
0940,gdcdataset,layout,960,720
0941,Google,nojitter,1600,900
0942,gdcdataset,nojitter,1600,1200
0943,gdcdataset,alignment,960,720
0944,Google,texture,1600,900
0945,gdcdataset,layout,960,720
0946,Gemini,texture,1600,900
0947,Google,texture,1600,900
0948,Gemini,texture,1600,900
0949,Gemini,texture,1600,900
0950,Google,layout,1600,900
0951,Gemini,nojitter,1600,900
0952,Gemini,layout,1600,900
0953,Google,texture,1600,900
0954,Gemini,layout,1600,900
0955,gdcdataset,texture,1600,1200
0956,Google,alignment,1600,900
0957,gdcdataset,alignment,960,720
0958,gdcdataset,layout,960,720
0959,gdcdataset,texture,1600,1200
0960,Google,texture,1600,900
0961,gdcdataset,layout,960,720
0962,gdcdataset,texture,1600,1200
0963,Gemini,nojitter,1600,900
0964,Gemini,alignment,1600,900
0965,gdcdataset,nojitter,1600,1200
0966,Gemini,nojitter,1600,900
0967,Google,nojitter,1600,900
0968,Google,texture,1600,900
0969,Gemini,alignment,1600,900
0970,Google,nojitter,1600,900
0971,gdcdataset,nojitter,1600,1200
0972,Google,alignment,1600,900
0973,Gemini,nojitter,1600,900
0974,Google,nojitter,1600,900
0975,Google,texture,1600,900
0976,Google,layout,1600,900
0977,Google,nojitter,1600,900
0978,gdcdataset,alignment,960,720
0979,Google,layout,1600,900
0980,gdcdataset,alignment,960,720
0981,gdcdataset,nojitter,1600,1200
0982,Google,alignment,1600,900
0983,gdcdataset,texture,1600,1200
0984,gdcdataset,layout,960,720
0985,Google,alignment,1600,900
0986,Google,texture,1600,900
0987,Gemini,nojitter,1600,900
0988,gdcdataset,nojitter,1600,1200
0989,gdcdataset,layout,960,720
0990,Google,texture,1600,900
0991,gdcdataset,layout,960,720
0992,Gemini,layout,1600,900
0993,Google,layout,1600,900
0994,Google,alignment,1600,900
0995,gdcdataset,texture,1600,1200
0996,Google,nojitter,1600,900
0997,Gemini,alignment,1600,900
0998,Gemini,alignment,1600,900
0999,Gemini,alignment,1600,900
1000,Google,layout,1600,900
1001,Google,nojitter,1600,900
1002,Gemini,alignment,1600,900
1003,Google,nojitter,1600,900
1004,gdcdataset,nojitter,1600,1200
1005,Gemini,alignment,1600,900
1006,Gemini,alignment,1600,900
1007,Gemini,layout,1600,900
1008,Google,nojitter,1600,900
1009,Google,nojitter,1600,900
1010,gdcdataset,layout,960,720
1011,Gemini,layout,1600,900
1012,gdcdataset,layout,960,720
1013,Gemini,alignment,1600,900
1014,Gemini,texture,1600,900
1015,Google,layout,1600,900
1016,gdcdataset,alignment,960,720
1017,Google,nojitter,1600,900
1018,Gemini,texture,1600,900
1019,Google,alignment,1600,900
1020,gdcdataset,nojitter,1600,1200
1021,Google,alignment,1600,900
1022,gdcdataset,texture,1600,1200
1023,gdcdataset,texture,1600,1200
1024,Google,texture,1600,900
1025,Google,texture,1600,900
1026,Google,alignment,1600,900
1027,Google,layout,1600,900
1028,Gemini,texture,1600,900
1029,Gemini,texture,1600,900
1030,gdcdataset,alignment,960,720
1031,Google,texture,1600,900
1032,Google,alignment,1600,900
1033,gdcdataset,texture,1600,1200
1034,Google,texture,1600,900
1035,Gemini,nojitter,1600,900
1036,Google,nojitter,1600,900
1037,gdcdataset,alignment,960,720
1038,Google,nojitter,1600,900
1039,gdcdataset,layout,960,720
1040,gdcdataset,layout,960,720
1041,Gemini,texture,1600,900
1042,gdcdataset,alignment,960,720
1043,Gemini,nojitter,1600,900
1044,gdcdataset,nojitter,1600,1200
1045,Google,alignment,1600,900
1046,Google,nojitter,1600,900
1047,Google,nojitter,1600,900
1048,Gemini,layout,1600,900
1049,Google,nojitter,1600,900
1050,Google,alignment,1600,900
1051,Google,nojitter,1600,900
1052,gdcdataset,alignment,960,720
1053,Google,nojitter,1600,900
1054,Google,layout,1600,900
1055,Gemini,layout,1600,900
1056,Google,texture,1600,900
1057,gdcdataset,texture,1600,1200
1058,gdcdataset,alignment,960,720
1059,gdcdataset,alignment,960,720
1060,gdcdataset,layout,960,720
1061,Google,layout,1600,900
1062,gdcdataset,nojitter,1600,1200
1063,Google,texture,1600,900
1064,Google,texture,1600,900
1065,gdcdataset,alignment,960,720
1066,gdcdataset,alignment,960,720
1067,Gemini,layout,1600,900
1068,gdcdataset,texture,1600,1200
1069,Gemini,texture,1600,900
1070,Gemini,texture,1600,900
1071,Google,alignment,1600,900
1072,Gemini,texture,1600,900
1073,Gemini,texture,1600,900
1074,gdcdataset,texture,1600,1200
1075,Google,alignment,1600,900
1076,Google,alignment,1600,900
1077,Google,layout,1600,900
1078,Gemini,layout,1600,900
1079,Gemini,layout,1600,900
1080,Google,texture,1600,900
1081,gdcdataset,alignment,960,720
1082,gdcdataset,layout,960,720
1083,Google,alignment,1600,900
1084,gdcdataset,texture,1600,1200
1085,Gemini,nojitter,1600,900
1086,Google,nojitter,1600,900
1087,Google,nojitter,1600,900
1088,Gemini,texture,1600,900
1089,gdcdataset,nojitter,1600,1200
1090,gdcdataset,texture,1600,1200
1091,gdcdataset,texture,1600,1200
1092,Gemini,alignment,1600,900
1093,Gemini,texture,1600,900
1094,gdcdataset,alignment,960,720
1095,gdcdataset,nojitter,1600,1200
1096,Gemini,nojitter,1600,900
1097,Gemini,alignment,1600,900
1098,Google,layout,1600,900
1099,Google,layout,1600,900
1100,gdcdataset,layout,960,720
1101,Google,layout,1600,900
1102,gdcdataset,texture,1600,1200
1103,gdcdataset,nojitter,1600,1200
1104,gdcdataset,layout,960,720
1105,Google,nojitter,1600,900
1106,Gemini,layout,1600,900
1107,Gemini,nojitter,1600,900
1108,gdcdataset,texture,1600,1200
1109,Google,nojitter,1600,900
1110,Gemini,texture,1600,900
1111,Google,alignment,1600,900
1112,Gemini,texture,1600,900
1113,Gemini,layout,1600,900
1114,Google,layout,1600,900
1115,Gemini,alignment,1600,900
1116,Google,alignment,1600,900
1117,Google,texture,1600,900
1118,Google,texture,1600,900
1119,Gemini,alignment,1600,900
1120,Google,nojitter,1600,900
1121,Gemini,texture,1600,900
1122,gdcdataset,alignment,960,720
1123,gdcdataset,alignment,960,720
1124,gdcdataset,layout,960,720
1125,Gemini,texture,1600,900
1126,Gemini,nojitter,1600,900
1127,Google,texture,1600,900
1128,gdcdataset,texture,1600,1200
1129,Gemini,texture,1600,900
1130,Gemini,nojitter,1600,900
1131,Gemini,nojitter,1600,900
1132,Gemini,texture,1600,900
1133,Gemini,alignment,1600,900
1134,gdcdataset,nojitter,1600,1200
1135,Google,layout,1600,900
1136,Gemini,texture,1600,900
1137,gdcdataset,nojitter,1600,1200
1138,gdcdataset,texture,1600,1200
1139,Gemini,nojitter,1600,900
1140,gdcdataset,texture,1600,1200
1141,Gemini,texture,1600,900
1142,Google,layout,1600,900
1143,Gemini,alignment,1600,900
1144,Google,layout,1600,900
1145,gdcdataset,layout,960,720
1146,Google,alignment,1600,900
1147,gdcdataset,texture,1600,1200
1148,Google,layout,1600,900
1149,Google,layout,1600,900
1150,Gemini,alignment,1600,900
1151,Google,texture,1600,900
1152,gdcdataset,layout,960,720
1153,Gemini,nojitter,1600,900
1154,gdcdataset,nojitter,1600,1200
1155,Gemini,layout,1600,900
1156,Gemini,layout,1600,900
1157,Google,texture,1600,900
1158,gdcdataset,layout,960,720
1159,Gemini,nojitter,1600,900
1160,Google,alignment,1600,900
1161,gdcdataset,texture,1600,1200
1162,Gemini,texture,1600,900
1163,gdcdataset,layout,960,720
1164,gdcdataset,texture,1600,1200
1165,gdcdataset,texture,1600,1200
1166,gdcdataset,nojitter,1600,1200
1167,Google,alignment,1600,900
1168,Gemini,alignment,1600,900
1169,Google,alignment,1600,900
1170,Gemini,layout,1600,900
1171,Gemini,alignment,1600,900
1172,Gemini,alignment,1600,900
1173,Google,nojitter,1600,900
1174,gdcdataset,nojitter,1600,1200
1175,Gemini,alignment,1600,900
1176,Gemini,alignment,1600,900
1177,Google,layout,1600,900
1178,Gemini,texture,1600,900
1179,Google,layout,1600,900
1180,gdcdataset,alignment,960,720
1181,Gemini,texture,1600,900
1182,gdcdataset,texture,1600,1200
1183,Google,nojitter,1600,900
1184,Google,layout,1600,900
1185,gdcdataset,layout,960,720
1186,gdcdataset,layout,960,720
1187,gdcdataset,layout,960,720
1188,Gemini,texture,1600,900
1189,gdcdataset,texture,1600,1200
1190,Gemini,layout,1600,900
1191,Google,alignment,1600,900
1192,Google,layout,1600,900
1193,Google,alignment,1600,900
1194,gdcdataset,texture,1600,1200
1195,Google,alignment,1600,900
1196,Gemini,alignment,1600,900
1197,Gemini,alignment,1600,900
1198,Google,nojitter,1600,900
1199,gdcdataset,layout,960,720
1200,gdcdataset,layout,960,720
1201,Gemini,nojitter,1600,900
1202,Google,layout,1600,900
1203,Google,texture,1600,900
1204,gdcdataset,alignment,960,720
1205,Google,alignment,1600,900
1206,Gemini,layout,1600,900
1207,gdcdataset,alignment,960,720
1208,Gemini,nojitter,1600,900
1209,gdcdataset,nojitter,1600,1200
1210,Gemini,nojitter,1600,900
1211,Google,alignment,1600,900
1212,gdcdataset,texture,1600,1200
1213,Google,nojitter,1600,900
1214,Google,alignment,1600,900
1215,Gemini,nojitter,1600,900
1216,Gemini,nojitter,1600,900
1217,gdcdataset,texture,1600,1200
1218,gdcdataset,nojitter,1600,1200
1219,gdcdataset,nojitter,1600,1200
1220,Gemini,layout,1600,900
1221,Gemini,nojitter,1600,900
1222,Google,layout,1600,900
1223,Gemini,layout,1600,900
1224,Google,texture,1600,900
1225,Google,layout,1600,900
1226,Google,nojitter,1600,900
1227,Gemini,nojitter,1600,900
1228,gdcdataset,nojitter,1600,1200
1229,Google,texture,1600,900
1230,Google,alignment,1600,900
1231,Google,alignment,1600,900
1232,Gemini,texture,1600,900
1233,Google,texture,1600,900
1234,Google,texture,1600,900
1235,gdcdataset,texture,1600,1200
1236,Gemini,layout,1600,900
1237,Google,texture,1600,900
1238,Gemini,alignment,1600,900
1239,Gemini,layout,1600,900
1240,Google,nojitter,1600,900
1241,Google,texture,1600,900
1242,Google,texture,1600,900
1243,gdcdataset,texture,1600,1200
1244,Google,nojitter,1600,900
1245,Gemini,alignment,1600,900
1246,gdcdataset,texture,1600,1200
1247,Google,alignment,1600,900
1248,gdcdataset,texture,1600,1200
1249,Google,texture,1600,900
1250,gdcdataset,layout,960,720
1251,Google,layout,1600,900
1252,gdcdataset,texture,1600,1200
1253,Gemini,nojitter,1600,900
1254,gdcdataset,alignment,960,720
1255,Gemini,alignment,1600,900
1256,Google,layout,1600,900
1257,gdcdataset,alignment,960,720
1258,gdcdataset,nojitter,1600,1200
1259,gdcdataset,layout,960,720
1260,Google,texture,1600,900
1261,gdcdataset,nojitter,1600,1200
1262,gdcdataset,layout,960,720
1263,Gemini,layout,1600,900
1264,Gemini,layout,1600,900
1265,gdcdataset,texture,1600,1200
1266,Gemini,texture,1600,900
1267,Google,nojitter,1600,900
1268,Google,alignment,1600,900
1269,Google,alignment,1600,900
1270,gdcdataset,layout,960,720
1271,Gemini,layout,1600,900
1272,Google,nojitter,1600,900
1273,Google,layout,1600,900
1274,Google,texture,1600,900
1275,gdcdataset,texture,1600,1200
1276,gdcdataset,alignment,960,720
1277,gdcdataset,alignment,960,720
1278,Google,texture,1600,900
1279,Gemini,layout,1600,900
1280,Gemini,texture,1600,900
1281,Gemini,nojitter,1600,900
1282,Google,texture,1600,900
1283,gdcdataset,texture,1600,1200
1284,Gemini,layout,1600,900
1285,Gemini,nojitter,1600,900
1286,Gemini,nojitter,1600,900
1287,Gemini,nojitter,1600,900
1288,Google,nojitter,1600,900
1289,Google,texture,1600,900
1290,gdcdataset,nojitter,1600,1200
1291,Gemini,texture,1600,900
1292,Google,alignment,1600,900
1293,gdcdataset,alignment,960,720
1294,gdcdataset,texture,1600,1200
1295,gdcdataset,nojitter,1600,1200
1296,Google,texture,1600,900
1297,Google,layout,1600,900
1298,gdcdataset,nojitter,1600,1200
1299,gdcdataset,texture,1600,1200
1300,gdcdataset,texture,1600,1200
1301,Gemini,nojitter,1600,900
1302,Google,alignment,1600,900
1303,gdcdataset,layout,960,720
1304,Google,layout,1600,900
1305,Gemini,texture,1600,900
1306,Gemini,nojitter,1600,900
1307,Google,texture,1600,900
1308,Gemini,alignment,1600,900
1309,Gemini,alignment,1600,900
1310,Gemini,layout,1600,900
1311,Gemini,alignment,1600,900
1312,gdcdataset,nojitter,1600,1200
1313,gdcdataset,alignment,960,720
1314,Gemini,texture,1600,900
1315,Google,texture,1600,900
1316,Gemini,alignment,1600,900
1317,gdcdataset,layout,960,720
1318,Gemini,nojitter,1600,900
1319,Gemini,layout,1600,900
1320,gdcdataset,alignment,960,720
1321,gdcdataset,texture,1600,1200
1322,Google,alignment,1600,900
1323,Gemini,texture,1600,900
1324,Gemini,alignment,1600,900
1325,Gemini,texture,1600,900
1326,gdcdataset,nojitter,1600,1200
1327,gdcdataset,nojitter,1600,1200
1328,gdcdataset,nojitter,1600,1200
1329,gdcdataset,layout,960,720
1330,Google,alignment,1600,900
1331,Gemini,alignment,1600,900
1332,Google,layout,1600,900
1333,gdcdataset,alignment,960,720
1334,gdcdataset,nojitter,1600,1200
1335,gdcdataset,texture,1600,1200
1336,gdcdataset,nojitter,1600,1200
1337,Google,texture,1600,900
1338,Google,alignment,1600,900
1339,Google,texture,1600,900
1340,gdcdataset,layout,960,720
1341,Google,texture,1600,900
1342,gdcdataset,nojitter,1600,1200
1343,Gemini,layout,1600,900
1344,Google,nojitter,1600,900
1345,Gemini,alignment,1600,900
1346,Gemini,texture,1600,900
1347,Gemini,texture,1600,900
1348,Gemini,layout,1600,900
1349,Gemini,alignment,1600,900
1350,Google,layout,1600,900
1351,Gemini,nojitter,1600,900
1352,Gemini,layout,1600,900
1353,Google,texture,1600,900
1354,Google,layout,1600,900
1355,gdcdataset,alignment,960,720
1356,gdcdataset,alignment,960,720
1357,Gemini,nojitter,1600,900
1358,Google,texture,1600,900
1359,Gemini,nojitter,1600,900
1360,Google,alignment,1600,900
1361,Gemini,nojitter,1600,900
1362,Gemini,alignment,1600,900
1363,Google,nojitter,1600,900
1364,Gemini,alignment,1600,900
1365,Gemini,nojitter,1600,900
1366,Google,layout,1600,900
1367,Google,texture,1600,900
1368,Gemini,layout,1600,900
1369,Google,layout,1600,900
1370,Google,alignment,1600,900
1371,Google,alignment,1600,900
1372,Google,layout,1600,900
1373,Google,layout,1600,900
1374,gdcdataset,alignment,960,720
1375,Google,layout,1600,900
1376,Google,layout,1600,900
1377,Gemini,nojitter,1600,900
1378,gdcdataset,alignment,960,720
1379,gdcdataset,texture,1600,1200
1380,gdcdataset,layout,960,720
1381,gdcdataset,nojitter,1600,1200
1382,Google,texture,1600,900
1383,gdcdataset,layout,960,720
1384,gdcdataset,layout,960,720
1385,Google,nojitter,1600,900
1386,Google,layout,1600,900
1387,Gemini,nojitter,1600,900
1388,Gemini,texture,1600,900
1389,Gemini,alignment,1600,900
1390,Google,texture,1600,900
1391,gdcdataset,nojitter,1600,1200
1392,gdcdataset,layout,960,720
1393,Google,alignment,1600,900
1394,Google,nojitter,1600,900
1395,Gemini,texture,1600,900
1396,Google,layout,1600,900
1397,gdcdataset,nojitter,1600,1200
1398,Google,alignment,1600,900
1399,Gemini,alignment,1600,900
1400,Google,alignment,1600,900
1401,gdcdataset,layout,960,720
1402,Google,texture,1600,900
1403,Gemini,layout,1600,900
1404,Google,layout,1600,900
1405,Google,nojitter,1600,900
1406,gdcdataset,layout,960,720
1407,Gemini,texture,1600,900
1408,Google,texture,1600,900
1409,Google,layout,1600,900
1410,Google,layout,1600,900
1411,Gemini,layout,1600,900
1412,Gemini,layout,1600,900
1413,Google,nojitter,1600,900
1414,gdcdataset,alignment,960,720
1415,Gemini,alignment,1600,900
1416,gdcdataset,alignment,960,720
1417,gdcdataset,texture,1600,1200
1418,Google,texture,1600,900
1419,gdcdataset,nojitter,1600,1200
1420,Gemini,texture,1600,900
1421,Gemini,layout,1600,900
1422,Google,texture,1600,900
1423,Google,alignment,1600,900
1424,Google,nojitter,1600,900
1425,gdcdataset,alignment,960,720
1426,Gemini,alignment,1600,900
1427,Gemini,nojitter,1600,900
1428,gdcdataset,nojitter,1600,1200
1429,Gemini,alignment,1600,900
1430,gdcdataset,alignment,960,720
1431,Gemini,layout,1600,900
1432,gdcdataset,texture,1600,1200
1433,gdcdataset,layout,960,720
1434,Gemini,alignment,1600,900
1435,Gemini,layout,1600,900
1436,Google,layout,1600,900
1437,gdcdataset,texture,1600,1200
1438,gdcdataset,layout,960,720
1439,Google,layout,1600,900
1440,Google,nojitter,1600,900
1441,gdcdataset,layout,960,720
1442,Gemini,texture,1600,900
1443,gdcdataset,layout,960,720
1444,Gemini,texture,1600,900
1445,Google,layout,1600,900
1446,Gemini,texture,1600,900
1447,gdcdataset,texture,1600,1200
1448,Google,layout,1600,900
1449,Google,alignment,1600,900
1450,Gemini,nojitter,1600,900
1451,Gemini,layout,1600,900
1452,Gemini,layout,1600,900
1453,Google,texture,1600,900
1454,Google,layout,1600,900
1455,gdcdataset,texture,1600,1200
1456,Google,texture,1600,900
1457,Google,layout,1600,900
1458,gdcdataset,layout,960,720
1459,gdcdataset,layout,960,720
1460,Google,layout,1600,900
1461,gdcdataset,texture,1600,1200
1462,Google,layout,1600,900
1463,Google,alignment,1600,900
1464,Google,layout,1600,900
1465,Gemini,alignment,1600,900
1466,gdcdataset,nojitter,1600,1200
1467,gdcdataset,alignment,960,720
1468,Google,nojitter,1600,900
1469,gdcdataset,alignment,960,720
1470,gdcdataset,alignment,960,720
1471,gdcdataset,nojitter,1600,1200
1472,Google,nojitter,1600,900
1473,Gemini,layout,1600,900
1474,gdcdataset,texture,1600,1200
1475,gdcdataset,texture,1600,1200
1476,Google,texture,1600,900
1477,Google,nojitter,1600,900
1478,Gemini,alignment,1600,900
1479,gdcdataset,alignment,960,720
1480,gdcdataset,layout,960,720
1481,gdcdataset,alignment,960,720
1482,Gemini,layout,1600,900
1483,Gemini,texture,1600,900
1484,Gemini,alignment,1600,900
1485,Gemini,nojitter,1600,900
1486,Gemini,texture,1600,900
1487,gdcdataset,texture,1600,1200
1488,gdcdataset,layout,960,720
1489,gdcdataset,layout,960,720
1490,Google,alignment,1600,900
1491,gdcdataset,alignment,960,720
1492,gdcdataset,texture,1600,1200
1493,Google,alignment,1600,900
1494,gdcdataset,alignment,960,720
1495,Gemini,alignment,1600,900
1496,Gemini,nojitter,1600,900
1497,gdcdataset,layout,960,720
1498,gdcdataset,nojitter,1600,1200
1499,Google,nojitter,1600,900
1500,gdcdataset,nojitter,1600,1200
1501,Gemini,alignment,1600,900
1502,gdcdataset,texture,1600,1200
1503,Gemini,alignment,1600,900
1504,gdcdataset,texture,1600,1200
1505,Gemini,texture,1600,900
1506,Gemini,nojitter,1600,900
1507,Google,texture,1600,900
1508,gdcdataset,alignment,960,720
1509,gdcdataset,nojitter,1600,1200
1510,Google,texture,1600,900
1511,gdcdataset,texture,1600,1200
1512,Google,texture,1600,900
1513,Google,nojitter,1600,900
1514,gdcdataset,alignment,960,720
1515,Gemini,nojitter,1600,900
1516,Gemini,nojitter,1600,900
1517,Google,texture,1600,900
1518,Gemini,layout,1600,900
1519,Google,layout,1600,900
1520,Google,alignment,1600,900
1521,Google,alignment,1600,900
1522,Gemini,alignment,1600,900
1523,Gemini,nojitter,1600,900
1524,Gemini,alignment,1600,900
1525,gdcdataset,texture,1600,1200
1526,Google,layout,1600,900
1527,Google,nojitter,1600,900
1528,Gemini,nojitter,1600,900
1529,Gemini,alignment,1600,900
1530,gdcdataset,texture,1600,1200
1531,Google,nojitter,1600,900
1532,gdcdataset,texture,1600,1200
1533,Google,nojitter,1600,900
1534,Google,layout,1600,900
1535,Gemini,nojitter,1600,900
1536,Google,layout,1600,900
1537,gdcdataset,layout,960,720
1538,Gemini,texture,1600,900
1539,Gemini,texture,1600,900
1540,Gemini,layout,1600,900
1541,Gemini,nojitter,1600,900
1542,gdcdataset,layout,960,720
1543,Gemini,alignment,1600,900
1544,Google,alignment,1600,900
1545,gdcdataset,layout,960,720
1546,gdcdataset,texture,1600,1200
1547,Gemini,layout,1600,900
1548,gdcdataset,alignment,960,720
1549,gdcdataset,texture,1600,1200
1550,Gemini,nojitter,1600,900
1551,Google,layout,1600,900
1552,Google,alignment,1600,900
1553,Google,nojitter,1600,900
1554,Google,alignment,1600,900
1555,gdcdataset,alignment,960,720
1556,Google,nojitter,1600,900
1557,Gemini,texture,1600,900
1558,Google,layout,1600,900
1559,gdcdataset,layout,960,720
1560,gdcdataset,nojitter,1600,1200
1561,gdcdataset,alignment,960,720
1562,Gemini,layout,1600,900
1563,Gemini,texture,1600,900
1564,Gemini,alignment,1600,900
1565,Google,alignment,1600,900
1566,gdcdataset,texture,1600,1200
1567,Google,layout,1600,900
1568,gdcdataset,alignment,960,720
1569,Gemini,texture,1600,900
1570,Gemini,texture,1600,900
1571,gdcdataset,layout,960,720
1572,gdcdataset,layout,960,720
1573,Google,layout,1600,900
1574,Google,layout,1600,900
1575,Gemini,alignment,1600,900
1576,Google,texture,1600,900
1577,gdcdataset,texture,1600,1200
1578,Gemini,layout,1600,900
1579,Gemini,texture,1600,900
1580,gdcdataset,texture,1600,1200
1581,Gemini,alignment,1600,900
1582,gdcdataset,alignment,960,720
1583,gdcdataset,alignment,960,720
1584,Google,nojitter,1600,900
1585,gdcdataset,alignment,960,720
1586,gdcdataset,nojitter,1600,1200
1587,gdcdataset,layout,960,720
1588,Google,nojitter,1600,900
1589,gdcdataset,nojitter,1600,1200
1590,gdcdataset,alignment,960,720
1591,gdcdataset,texture,1600,1200
1592,Google,layout,1600,900
1593,gdcdataset,alignment,960,720
1594,Google,layout,1600,900
1595,Google,alignment,1600,900
1596,Gemini,alignment,1600,900
1597,Google,nojitter,1600,900
1598,Gemini,layout,1600,900
1599,gdcdataset,nojitter,1600,1200
1600,Gemini,nojitter,1600,900
1601,gdcdataset,texture,1600,1200
1602,Google,texture,1600,900
1603,gdcdataset,layout,960,720
1604,Gemini,alignment,1600,900
1605,Google,alignment,1600,900
1606,Gemini,layout,1600,900
1607,gdcdataset,alignment,960,720
1608,Google,nojitter,1600,900
1609,gdcdataset,layout,960,720
1610,Gemini,nojitter,1600,900
1611,gdcdataset,alignment,960,720
1612,Gemini,alignment,1600,900
1613,Gemini,alignment,1600,900
1614,Gemini,nojitter,1600,900
1615,Google,alignment,1600,900
1616,gdcdataset,layout,960,720
1617,Gemini,layout,1600,900
1618,Google,alignment,1600,900
1619,Gemini,alignment,1600,900
1620,gdcdataset,alignment,960,720
1621,Google,nojitter,1600,900
1622,gdcdataset,nojitter,1600,1200
1623,gdcdataset,alignment,960,720
1624,Gemini,texture,1600,900
1625,gdcdataset,nojitter,1600,1200
1626,Gemini,nojitter,1600,900
1627,Gemini,alignment,1600,900
1628,Gemini,nojitter,1600,900
1629,gdcdataset,nojitter,1600,1200
1630,Google,texture,1600,900
1631,Google,texture,1600,900
1632,Gemini,alignment,1600,900
1633,Google,layout,1600,900
1634,Google,alignment,1600,900
1635,gdcdataset,layout,960,720
1636,Gemini,layout,1600,900
1637,Google,texture,1600,900
1638,gdcdataset,alignment,960,720
1639,gdcdataset,alignment,960,720
1640,Google,alignment,1600,900
1641,Google,texture,1600,900
1642,Gemini,alignment,1600,900
1643,Gemini,texture,1600,900
1644,Google,nojitter,1600,900
1645,Gemini,nojitter,1600,900
1646,gdcdataset,alignment,960,720
1647,Gemini,nojitter,1600,900
1648,Gemini,alignment,1600,900
1649,Gemini,texture,1600,900
1650,Gemini,nojitter,1600,900
1651,gdcdataset,nojitter,1600,1200
1652,Google,texture,1600,900
1653,Gemini,texture,1600,900
1654,Gemini,layout,1600,900
1655,Gemini,nojitter,1600,900
1656,Gemini,alignment,1600,900
1657,Gemini,texture,1600,900
1658,Google,nojitter,1600,900
1659,Google,alignment,1600,900
1660,Google,alignment,1600,900
1661,gdcdataset,texture,1600,1200
1662,Gemini,layout,1600,900
1663,gdcdataset,layout,960,720
1664,Gemini,texture,1600,900
1665,gdcdataset,alignment,960,720
1666,Google,texture,1600,900
1667,gdcdataset,nojitter,1600,1200
1668,Gemini,layout,1600,900
1669,Google,texture,1600,900
1670,Google,texture,1600,900
1671,Google,alignment,1600,900
1672,Gemini,alignment,1600,900
1673,Gemini,layout,1600,900
1674,Gemini,alignment,1600,900
1675,Gemini,nojitter,1600,900
1676,Gemini,texture,1600,900
1677,Gemini,alignment,1600,900
1678,Google,layout,1600,900
1679,Gemini,nojitter,1600,900
1680,Google,texture,1600,900
1681,Gemini,alignment,1600,900
1682,Gemini,texture,1600,900
1683,gdcdataset,layout,960,720
1684,Google,texture,1600,900
1685,Google,alignment,1600,900
1686,Google,texture,1600,900
1687,gdcdataset,alignment,960,720
1688,gdcdataset,nojitter,1600,1200
1689,gdcdataset,alignment,960,720
1690,Gemini,alignment,1600,900
1691,Google,alignment,1600,900
1692,Google,alignment,1600,900
1693,Gemini,layout,1600,900
1694,Gemini,alignment,1600,900
1695,Google,alignment,1600,900
1696,Google,alignment,1600,900
1697,Google,texture,1600,900
1698,gdcdataset,texture,1600,1200
1699,Gemini,alignment,1600,900
1700,Google,nojitter,1600,900
1701,Gemini,layout,1600,900
1702,gdcdataset,alignment,960,720
1703,Google,nojitter,1600,900
1704,gdcdataset,alignment,960,720
1705,Gemini,texture,1600,900
1706,Google,nojitter,1600,900
1707,Google,texture,1600,900
1708,Google,alignment,1600,900
1709,gdcdataset,alignment,960,720
1710,gdcdataset,layout,960,720
1711,Gemini,layout,1600,900
1712,Google,layout,1600,900
1713,Google,alignment,1600,900
1714,Google,layout,1600,900
1715,gdcdataset,nojitter,1600,1200
1716,Google,texture,1600,900
1717,Google,layout,1600,900
1718,Gemini,layout,1600,900
1719,Gemini,nojitter,1600,900
1720,Google,nojitter,1600,900
1721,gdcdataset,alignment,960,720
1722,gdcdataset,nojitter,1600,1200
1723,Gemini,nojitter,1600,900
1724,Google,alignment,1600,900
1725,gdcdataset,texture,1600,1200
1726,gdcdataset,layout,960,720
1727,Google,alignment,1600,900
1728,Google,alignment,1600,900
1729,gdcdataset,layout,960,720
1730,Google,layout,1600,900
1731,Google,alignment,1600,900
1732,Gemini,nojitter,1600,900
1733,gdcdataset,nojitter,1600,1200
1734,Gemini,nojitter,1600,900
1735,gdcdataset,nojitter,1600,1200
1736,Google,alignment,1600,900
1737,Google,layout,1600,900
1738,Google,texture,1600,900
1739,gdcdataset,nojitter,1600,1200
1740,gdcdataset,alignment,960,720
1741,gdcdataset,layout,960,720
1742,gdcdataset,texture,1600,1200
1743,Google,nojitter,1600,900
1744,Gemini,nojitter,1600,900
1745,Gemini,nojitter,1600,900
1746,Google,layout,1600,900
1747,gdcdataset,layout,960,720
1748,Gemini,alignment,1600,900
1749,Gemini,layout,1600,900
1750,gdcdataset,texture,1600,1200
1751,Google,layout,1600,900
1752,Google,texture,1600,900
1753,Google,alignment,1600,900
1754,gdcdataset,alignment,960,720
1755,gdcdataset,texture,1600,1200
1756,Google,alignment,1600,900
1757,Google,alignment,1600,900
1758,gdcdataset,texture,1600,1200
1759,Gemini,texture,1600,900
1760,Google,texture,1600,900
1761,Google,layout,1600,900
1762,Gemini,layout,1600,900
1763,gdcdataset,layout,960,720
1764,Gemini,texture,1600,900
1765,gdcdataset,layout,960,720
1766,gdcdataset,alignment,960,720
1767,Google,texture,1600,900
1768,Gemini,texture,1600,900
1769,gdcdataset,alignment,960,720
1770,gdcdataset,nojitter,1600,1200
1771,Gemini,alignment,1600,900
1772,Gemini,layout,1600,900
1773,gdcdataset,texture,1600,1200
1774,Google,texture,1600,900
1775,Google,nojitter,1600,900
1776,Gemini,layout,1600,900
1777,Google,texture,1600,900
1778,Google,nojitter,1600,900
1779,Gemini,alignment,1600,900
1780,Gemini,texture,1600,900
1781,Gemini,nojitter,1600,900
1782,gdcdataset,texture,1600,1200
1783,Gemini,alignment,1600,900
1784,Google,nojitter,1600,900
1785,gdcdataset,texture,1600,1200
1786,Google,alignment,1600,900
1787,Gemini,alignment,1600,900
1788,Google,nojitter,1600,900
1789,Google,layout,1600,900
1790,gdcdataset,alignment,960,720
1791,Google,texture,1600,900
1792,Gemini,alignment,1600,900
1793,Gemini,texture,1600,900
1794,Gemini,layout,1600,900
1795,gdcdataset,texture,1600,1200
1796,Google,layout,1600,900
1797,Google,texture,1600,900
1798,Gemini,nojitter,1600,900
1799,gdcdataset,texture,1600,1200
1800,Google,nojitter,1600,900
1801,Google,texture,1600,900
1802,Gemini,nojitter,1600,900
1803,Google,texture,1600,900
1804,gdcdataset,layout,960,720
1805,gdcdataset,alignment,960,720
1806,Google,layout,1600,900
1807,Google,alignment,1600,900
1808,gdcdataset,alignment,960,720
1809,gdcdataset,layout,960,720
1810,Google,layout,1600,900
1811,gdcdataset,texture,1600,1200
1812,Gemini,texture,1600,900
1813,Gemini,layout,1600,900
1814,Google,texture,1600,900
1815,Gemini,texture,1600,900
1816,Gemini,alignment,1600,900
1817,Gemini,layout,1600,900
1818,Google,nojitter,1600,900
1819,gdcdataset,layout,960,720
1820,gdcdataset,layout,960,720
1821,Google,layout,1600,900
1822,gdcdataset,nojitter,1600,1200
1823,gdcdataset,layout,960,720
1824,Gemini,nojitter,1600,900
1825,Google,texture,1600,900
1826,Gemini,layout,1600,900
1827,gdcdataset,nojitter,1600,1200
1828,gdcdataset,nojitter,1600,1200
1829,Google,texture,1600,900
1830,Google,nojitter,1600,900
1831,Google,layout,1600,900
1832,Gemini,alignment,1600,900
1833,Gemini,nojitter,1600,900
1834,Gemini,alignment,1600,900
1835,gdcdataset,alignment,960,720
1836,gdcdataset,texture,1600,1200
1837,Gemini,texture,1600,900
1838,Google,texture,1600,900
1839,Gemini,alignment,1600,900
1840,Google,nojitter,1600,900
1841,Gemini,alignment,1600,900
1842,Gemini,texture,1600,900
1843,Gemini,layout,1600,900
1844,Google,alignment,1600,900
1845,Google,texture,1600,900
1846,Google,nojitter,1600,900
1847,Gemini,nojitter,1600,900
1848,Gemini,layout,1600,900
1849,Google,layout,1600,900
1850,Google,texture,1600,900
1851,Gemini,texture,1600,900
1852,Google,alignment,1600,900
1853,Gemini,texture,1600,900
1854,Google,nojitter,1600,900
1855,Google,layout,1600,900
1856,Google,layout,1600,900
1857,gdcdataset,nojitter,1600,1200
1858,Gemini,nojitter,1600,900
1859,gdcdataset,layout,960,720
1860,Gemini,layout,1600,900
1861,gdcdataset,alignment,960,720
1862,gdcdataset,alignment,960,720
1863,gdcdataset,texture,1600,1200
1864,Gemini,texture,1600,900
1865,Gemini,nojitter,1600,900
1866,Gemini,alignment,1600,900
1867,Gemini,texture,1600,900
1868,gdcdataset,alignment,960,720
1869,Google,alignment,1600,900
1870,Gemini,layout,1600,900
1871,Google,nojitter,1600,900
1872,gdcdataset,texture,1600,1200
1873,Google,nojitter,1600,900
1874,Google,layout,1600,900
1875,gdcdataset,alignment,960,720
1876,Gemini,nojitter,1600,900
1877,Gemini,texture,1600,900
1878,Gemini,alignment,1600,900
1879,Gemini,layout,1600,900
1880,Gemini,alignment,1600,900
1881,Gemini,alignment,1600,900
1882,gdcdataset,layout,960,720
1883,Gemini,alignment,1600,900
1884,gdcdataset,alignment,960,720
1885,Google,layout,1600,900
1886,gdcdataset,alignment,960,720
1887,gdcdataset,layout,960,720
1888,Gemini,nojitter,1600,900
1889,gdcdataset,layout,960,720
1890,Google,alignment,1600,900
1891,Gemini,alignment,1600,900
1892,Gemini,nojitter,1600,900
1893,gdcdataset,nojitter,1600,1200
1894,Google,nojitter,1600,900
1895,Gemini,texture,1600,900
1896,Google,nojitter,1600,900
1897,gdcdataset,layout,960,720
1898,Google,layout,1600,900
1899,gdcdataset,alignment,960,720
1900,Google,layout,1600,900
1901,Google,texture,1600,900
1902,Google,layout,1600,900
1903,Gemini,texture,1600,900
1904,Gemini,texture,1600,900
1905,Google,texture,1600,900
1906,Google,alignment,1600,900
1907,Gemini,texture,1600,900
1908,Gemini,layout,1600,900
1909,Gemini,texture,1600,900
1910,Google,alignment,1600,900
1911,gdcdataset,layout,960,720
1912,Google,layout,1600,900
1913,Google,layout,1600,900
1914,gdcdataset,nojitter,1600,1200
1915,Google,texture,1600,900
1916,Google,layout,1600,900
1917,Gemini,layout,1600,900
1918,Google,nojitter,1600,900
1919,gdcdataset,alignment,960,720
1920,Gemini,texture,1600,900
1921,Google,nojitter,1600,900
1922,Gemini,layout,1600,900
1923,Gemini,texture,1600,900
1924,Google,texture,1600,900
1925,gdcdataset,alignment,960,720
1926,Google,nojitter,1600,900
1927,gdcdataset,layout,960,720
1928,Gemini,alignment,1600,900
1929,gdcdataset,alignment,960,720
1930,Gemini,alignment,1600,900
1931,Gemini,nojitter,1600,900
1932,Gemini,alignment,1600,900
1933,Gemini,nojitter,1600,900
1934,gdcdataset,nojitter,1600,1200
1935,Google,texture,1600,900
1936,Gemini,texture,1600,900
1937,Google,layout,1600,900
1938,gdcdataset,nojitter,1600,1200
1939,gdcdataset,layout,960,720
1940,Gemini,layout,1600,900
1941,Google,layout,1600,900
1942,Google,alignment,1600,900
1943,gdcdataset,texture,1600,1200
1944,Gemini,alignment,1600,900
1945,Google,layout,1600,900
1946,Google,alignment,1600,900
1947,Gemini,nojitter,1600,900
1948,gdcdataset,layout,960,720
1949,Gemini,layout,1600,900
1950,Google,alignment,1600,900
1951,Google,alignment,1600,900
1952,gdcdataset,layout,960,720
1953,Google,alignment,1600,900
1954,gdcdataset,texture,1600,1200
1955,Gemini,alignment,1600,900
1956,Google,alignment,1600,900
1957,Google,texture,1600,900
1958,Gemini,nojitter,1600,900
1959,Google,alignment,1600,900
1960,gdcdataset,layout,960,720
1961,Google,nojitter,1600,900
1962,Gemini,texture,1600,900
1963,gdcdataset,alignment,960,720
1964,Google,alignment,1600,900
1965,gdcdataset,nojitter,1600,1200
1966,Gemini,nojitter,1600,900
1967,Google,texture,1600,900
1968,Google,nojitter,1600,900
1969,Google,nojitter,1600,900
1970,Gemini,alignment,1600,900
1971,Gemini,texture,1600,900
1972,gdcdataset,texture,1600,1200
1973,Google,alignment,1600,900
1974,gdcdataset,nojitter,1600,1200
1975,Google,texture,1600,900
1976,Gemini,nojitter,1600,900
1977,Gemini,nojitter,1600,900
1978,Gemini,alignment,1600,900
1979,Google,texture,1600,900
1980,Google,layout,1600,900
1981,gdcdataset,nojitter,1600,1200
1982,Gemini,layout,1600,900
1983,Google,texture,1600,900
1984,gdcdataset,texture,1600,1200
1985,Gemini,alignment,1600,900
1986,gdcdataset,layout,960,720
1987,Google,nojitter,1600,900
1988,Google,alignment,1600,900
1989,Gemini,layout,1600,900
1990,gdcdataset,nojitter,1600,1200
1991,gdcdataset,nojitter,1600,1200
1992,Gemini,texture,1600,900
1993,gdcdataset,texture,1600,1200
1994,gdcdataset,alignment,960,720
1995,Google,texture,1600,900
1996,Google,texture,1600,900
1997,Gemini,texture,1600,900
1998,Google,nojitter,1600,900
1999,Gemini,alignment,1600,900
2000,gdcdataset,texture,1600,1200
2001,gdcdataset,texture,1600,1200
2002,Google,layout,1600,900
2003,gdcdataset,layout,960,720
2004,Google,layout,1600,900
2005,Gemini,texture,1600,900
2006,gdcdataset,texture,1600,1200
2007,Gemini,layout,1600,900
2008,gdcdataset,layout,960,720
2009,Gemini,alignment,1600,900
2010,Google,nojitter,1600,900
2011,gdcdataset,alignment,960,720
2012,Google,layout,1600,900
2013,Google,nojitter,1600,900
2014,gdcdataset,alignment,960,720
2015,Gemini,alignment,1600,900
2016,gdcdataset,layout,960,720
2017,gdcdataset,alignment,960,720
2018,Google,nojitter,1600,900
2019,Google,nojitter,1600,900
2020,Gemini,texture,1600,900
2021,Google,nojitter,1600,900
2022,Google,texture,1600,900
2023,gdcdataset,alignment,960,720
2024,Google,layout,1600,900
2025,Google,nojitter,1600,900
2026,gdcdataset,layout,960,720
2027,Google,nojitter,1600,900
2028,Google,nojitter,1600,900
2029,gdcdataset,layout,960,720
2030,Google,alignment,1600,900
2031,gdcdataset,texture,1600,1200
2032,Gemini,layout,1600,900
2033,Google,alignment,1600,900
2034,gdcdataset,texture,1600,1200
2035,Google,texture,1600,900
2036,gdcdataset,nojitter,1600,1200
2037,gdcdataset,layout,960,720
2038,gdcdataset,alignment,960,720
2039,gdcdataset,alignment,960,720
2040,gdcdataset,nojitter,1600,1200
2041,gdcdataset,nojitter,1600,1200
2042,gdcdataset,texture,1600,1200
2043,gdcdataset,layout,960,720
2044,Gemini,alignment,1600,900
2045,Google,nojitter,1600,900
2046,gdcdataset,alignment,960,720
2047,Google,texture,1600,900
2048,Gemini,texture,1600,900
2049,Google,layout,1600,900
2050,Gemini,texture,1600,900
2051,Google,alignment,1600,900
2052,Gemini,texture,1600,900
2053,Gemini,alignment,1600,900
2054,Google,nojitter,1600,900
2055,Gemini,alignment,1600,900
2056,Gemini,alignment,1600,900
2057,Google,layout,1600,900
2058,Gemini,texture,1600,900
2059,Google,layout,1600,900
2060,Google,layout,1600,900
2061,gdcdataset,nojitter,1600,1200
2062,gdcdataset,texture,1600,1200
2063,Google,layout,1600,900
2064,gdcdataset,nojitter,1600,1200
2065,Google,layout,1600,900
2066,Gemini,nojitter,1600,900
2067,Gemini,nojitter,1600,900
2068,Google,texture,1600,900
2069,Google,texture,1600,900
2070,gdcdataset,alignment,960,720
2071,Google,alignment,1600,900
2072,Gemini,alignment,1600,900
2073,Gemini,layout,1600,900
2074,Gemini,layout,1600,900
2075,Gemini,texture,1600,900
2076,Gemini,layout,1600,900
2077,Gemini,alignment,1600,900
2078,gdcdataset,texture,1600,1200
2079,gdcdataset,nojitter,1600,1200
2080,gdcdataset,alignment,960,720
2081,Gemini,texture,1600,900
2082,gdcdataset,nojitter,1600,1200
2083,Gemini,layout,1600,900
2084,gdcdataset,texture,1600,1200
2085,gdcdataset,nojitter,1600,1200
2086,Google,alignment,1600,900
2087,Gemini,layout,1600,900
2088,Gemini,layout,1600,900
2089,gdcdataset,nojitter,1600,1200
2090,gdcdataset,alignment,960,720
2091,Google,layout,1600,900
2092,Google,nojitter,1600,900
2093,Gemini,alignment,1600,900
2094,gdcdataset,layout,960,720
2095,gdcdataset,texture,1600,1200
2096,gdcdataset,texture,1600,1200
2097,gdcdataset,nojitter,1600,1200
2098,Gemini,alignment,1600,900
2099,Gemini,texture,1600,900
2100,Google,texture,1600,900
2101,gdcdataset,nojitter,1600,1200
2102,Gemini,nojitter,1600,900
2103,gdcdataset,alignment,960,720
2104,gdcdataset,alignment,960,720
2105,Gemini,layout,1600,900
2106,Google,alignment,1600,900
2107,gdcdataset,layout,960,720
2108,gdcdataset,alignment,960,720
2109,Gemini,nojitter,1600,900
2110,Gemini,texture,1600,900
2111,gdcdataset,layout,960,720
2112,Gemini,layout,1600,900
2113,Gemini,texture,1600,900
2114,Gemini,layout,1600,900
2115,gdcdataset,nojitter,1600,1200
2116,Google,nojitter,1600,900
2117,Google,alignment,1600,900
2118,Gemini,alignment,1600,900
2119,gdcdataset,layout,960,720
2120,Gemini,layout,1600,900
2121,Gemini,alignment,1600,900
2122,Google,nojitter,1600,900
2123,gdcdataset,texture,1600,1200
2124,Gemini,alignment,1600,900
2125,Gemini,nojitter,1600,900
2126,Google,nojitter,1600,900
2127,gdcdataset,nojitter,1600,1200
2128,gdcdataset,nojitter,1600,1200
2129,gdcdataset,nojitter,1600,1200
2130,Gemini,alignment,1600,900
2131,Gemini,nojitter,1600,900
2132,Gemini,layout,1600,900
2133,Gemini,alignment,1600,900
2134,Gemini,texture,1600,900
2135,Google,texture,1600,900
2136,Google,alignment,1600,900
2137,gdcdataset,layout,960,720
2138,Gemini,nojitter,1600,900
2139,gdcdataset,texture,1600,1200
2140,gdcdataset,alignment,960,720
2141,gdcdataset,alignment,960,720
2142,Gemini,alignment,1600,900
2143,Google,texture,1600,900
2144,Google,alignment,1600,900
2145,Gemini,nojitter,1600,900
2146,gdcdataset,texture,1600,1200
2147,gdcdataset,layout,960,720
2148,Google,nojitter,1600,900
2149,gdcdataset,nojitter,1600,1200
2150,Gemini,texture,1600,900
2151,Gemini,nojitter,1600,900
2152,Google,alignment,1600,900
2153,Gemini,layout,1600,900
2154,gdcdataset,texture,1600,1200
2155,gdcdataset,nojitter,1600,1200
2156,Google,nojitter,1600,900
2157,Gemini,texture,1600,900
2158,Google,nojitter,1600,900
2159,Google,alignment,1600,900
2160,Gemini,layout,1600,900
2161,gdcdataset,texture,1600,1200
2162,gdcdataset,texture,1600,1200
2163,Gemini,alignment,1600,900
2164,Gemini,layout,1600,900
2165,Google,alignment,1600,900
2166,Gemini,nojitter,1600,900
2167,Gemini,alignment,1600,900
2168,Gemini,texture,1600,900
2169,gdcdataset,texture,1600,1200
2170,Google,nojitter,1600,900
2171,gdcdataset,alignment,960,720
2172,Google,nojitter,1600,900
2173,Gemini,layout,1600,900
2174,Gemini,layout,1600,900
2175,Google,layout,1600,900
2176,Google,nojitter,1600,900
2177,gdcdataset,nojitter,1600,1200
2178,gdcdataset,alignment,960,720
2179,gdcdataset,texture,1600,1200
2180,gdcdataset,alignment,960,720
2181,Gemini,texture,1600,900
2182,Gemini,alignment,1600,900
2183,Gemini,alignment,1600,900
2184,Gemini,layout,1600,900
2185,Google,alignment,1600,900
2186,gdcdataset,layout,960,720
2187,gdcdataset,layout,960,720
2188,gdcdataset,layout,960,720
2189,gdcdataset,nojitter,1600,1200
2190,Google,layout,1600,900
2191,Google,alignment,1600,900
2192,gdcdataset,layout,960,720
2193,Gemini,nojitter,1600,900
2194,gdcdataset,alignment,960,720
2195,gdcdataset,nojitter,1600,1200
2196,Gemini,alignment,1600,900
2197,Gemini,texture,1600,900
2198,Gemini,nojitter,1600,900
2199,gdcdataset,alignment,960,720
2200,Gemini,texture,1600,900
2201,gdcdataset,alignment,960,720
2202,Gemini,texture,1600,900
2203,gdcdataset,nojitter,1600,1200
2204,Google,texture,1600,900
2205,gdcdataset,layout,960,720
2206,Gemini,alignment,1600,900
2207,Google,alignment,1600,900
2208,gdcdataset,nojitter,1600,1200
2209,Google,texture,1600,900
2210,Gemini,texture,1600,900
2211,Google,layout,1600,900
2212,gdcdataset,nojitter,1600,1200
2213,Google,nojitter,1600,900
2214,gdcdataset,layout,960,720
2215,gdcdataset,layout,960,720
2216,gdcdataset,texture,1600,1200
2217,Gemini,layout,1600,900
2218,gdcdataset,alignment,960,720
2219,Gemini,nojitter,1600,900
2220,Google,alignment,1600,900
2221,Google,layout,1600,900
2222,gdcdataset,nojitter,1600,1200
2223,Google,texture,1600,900
2224,Google,layout,1600,900
2225,Gemini,nojitter,1600,900
2226,Google,texture,1600,900
2227,gdcdataset,texture,1600,1200
2228,Gemini,nojitter,1600,900
2229,Google,alignment,1600,900
2230,Gemini,alignment,1600,900
2231,gdcdataset,texture,1600,1200
2232,Google,texture,1600,900
2233,Google,nojitter,1600,900
2234,Gemini,layout,1600,900
2235,Gemini,layout,1600,900
2236,Google,layout,1600,900
2237,gdcdataset,alignment,960,720
2238,Gemini,layout,1600,900
2239,Gemini,nojitter,1600,900
2240,Google,texture,1600,900
2241,Gemini,layout,1600,900
2242,Google,texture,1600,900
2243,Google,texture,1600,900
2244,Gemini,nojitter,1600,900
2245,Gemini,nojitter,1600,900
2246,Gemini,alignment,1600,900
2247,Google,layout,1600,900
2248,gdcdataset,texture,1600,1200
2249,gdcdataset,alignment,960,720
2250,Google,layout,1600,900
2251,Gemini,layout,1600,900
2252,Google,texture,1600,900
2253,gdcdataset,layout,960,720
2254,Gemini,alignment,1600,900
2255,gdcdataset,nojitter,1600,1200
2256,Gemini,alignment,1600,900
2257,gdcdataset,texture,1600,1200
2258,Google,layout,1600,900
2259,gdcdataset,nojitter,1600,1200
2260,gdcdataset,texture,1600,1200
2261,Gemini,texture,1600,900
2262,Google,texture,1600,900
2263,gdcdataset,alignment,960,720
2264,Google,layout,1600,900
2265,gdcdataset,nojitter,1600,1200
2266,Google,texture,1600,900
2267,gdcdataset,texture,1600,1200
2268,Google,nojitter,1600,900
2269,Google,texture,1600,900
2270,gdcdataset,nojitter,1600,1200
2271,gdcdataset,nojitter,1600,1200
2272,Google,nojitter,1600,900
2273,Google,layout,1600,900
2274,gdcdataset,alignment,960,720
2275,Google,alignment,1600,900
2276,Gemini,texture,1600,900
2277,Gemini,layout,1600,900
2278,gdcdataset,layout,960,720
2279,Google,layout,1600,900
2280,Google,nojitter,1600,900
2281,Gemini,alignment,1600,900
2282,gdcdataset,nojitter,1600,1200
2283,gdcdataset,alignment,960,720
2284,gdcdataset,layout,960,720
2285,Google,alignment,1600,900
2286,Gemini,nojitter,1600,900
2287,Google,layout,1600,900
2288,gdcdataset,nojitter,1600,1200
2289,Google,nojitter,1600,900
2290,Gemini,layout,1600,900
2291,Gemini,layout,1600,900
2292,Google,layout,1600,900
2293,gdcdataset,texture,1600,1200
2294,Gemini,layout,1600,900
2295,Gemini,nojitter,1600,900
2296,Google,alignment,1600,900
2297,gdcdataset,nojitter,1600,1200
2298,Google,texture,1600,900
2299,Google,layout,1600,900
2300,Google,layout,1600,900
2301,Google,texture,1600,900
2302,Gemini,layout,1600,900
2303,Google,layout,1600,900
2304,Google,texture,1600,900
2305,gdcdataset,layout,960,720
2306,Gemini,alignment,1600,900
2307,Gemini,texture,1600,900
2308,gdcdataset,alignment,960,720
2309,Google,texture,1600,900
2310,gdcdataset,alignment,960,720
2311,Gemini,texture,1600,900
2312,gdcdataset,layout,960,720
2313,gdcdataset,layout,960,720
2314,Gemini,alignment,1600,900
2315,Google,texture,1600,900
2316,Google,layout,1600,900
2317,gdcdataset,layout,960,720
2318,Gemini,alignment,1600,900
2319,Gemini,nojitter,1600,900
2320,Gemini,texture,1600,900
2321,gdcdataset,alignment,960,720
2322,Gemini,nojitter,1600,900
2323,Google,alignment,1600,900
2324,gdcdataset,texture,1600,1200
2325,Gemini,alignment,1600,900
2326,Google,nojitter,1600,900
2327,Google,texture,1600,900
2328,Google,alignment,1600,900
2329,gdcdataset,alignment,960,720
2330,Google,nojitter,1600,900
2331,Google,texture,1600,900
2332,Google,alignment,1600,900
2333,Google,alignment,1600,900
2334,gdcdataset,alignment,960,720
2335,gdcdataset,alignment,960,720
2336,Gemini,nojitter,1600,900
2337,Gemini,alignment,1600,900
2338,gdcdataset,alignment,960,720
2339,Gemini,nojitter,1600,900
2340,Google,alignment,1600,900
2341,Gemini,texture,1600,900
2342,gdcdataset,alignment,960,720
2343,Google,texture,1600,900
2344,Gemini,nojitter,1600,900
2345,Gemini,layout,1600,900
2346,gdcdataset,layout,960,720
2347,Google,layout,1600,900
2348,gdcdataset,layout,960,720
2349,Gemini,layout,1600,900
2350,Gemini,texture,1600,900
2351,Google,layout,1600,900
2352,Gemini,layout,1600,900
2353,Google,layout,1600,900
2354,Google,nojitter,1600,900
2355,gdcdataset,alignment,960,720
2356,Gemini,alignment,1600,900
2357,Google,alignment,1600,900
2358,gdcdataset,alignment,960,720
2359,gdcdataset,layout,960,720
2360,Gemini,texture,1600,900
2361,gdcdataset,texture,1600,1200
2362,Google,alignment,1600,900
2363,Google,alignment,1600,900
2364,gdcdataset,nojitter,1600,1200
2365,gdcdataset,nojitter,1600,1200
2366,gdcdataset,nojitter,1600,1200
2367,Gemini,nojitter,1600,900
2368,gdcdataset,layout,960,720
2369,gdcdataset,alignment,960,720
2370,Google,alignment,1600,900
2371,Google,nojitter,1600,900
2372,Gemini,nojitter,1600,900
2373,gdcdataset,nojitter,1600,1200
2374,Google,nojitter,1600,900
2375,Gemini,nojitter,1600,900
2376,Google,nojitter,1600,900
2377,gdcdataset,nojitter,1600,1200
2378,Google,nojitter,1600,900
2379,Google,nojitter,1600,900
2380,Google,nojitter,1600,900
2381,Google,nojitter,1600,900
2382,Google,nojitter,1600,900
2383,gdcdataset,nojitter,1600,1200
2384,Google,nojitter,1600,900
2385,Gemini,nojitter,1600,900
2386,gdcdataset,nojitter,1600,1200
2387,gdcdataset,nojitter,1600,1200
2388,Gemini,nojitter,1600,900
2389,gdcdataset,nojitter,1600,1200
2390,gdcdataset,nojitter,1600,1200
2391,Google,nojitter,1600,900
2392,Gemini,nojitter,1600,900
2393,Google,nojitter,1600,900
2394,Google,nojitter,1600,900
2395,Google,nojitter,1600,900
2396,Google,nojitter,1600,900
2397,Google,nojitter,1600,900
2398,Google,nojitter,1600,900
2399,gdcdataset,nojitter,1600,1200
2400,gdcdataset,nojitter,1600,1200
